Workbook
Name ProteinNames: Proteins!$A$5:$A$40

Sheet bli2prism
A1: bli2prism analysis setup
A2: Yellow cells are inputs. Contents and MWs are read from the Setup sheet, so edit the plate map and protein table there.
A4: [Experiment]
A5: Experiment name | B5: Demo binding experiment | C5: Free text.
A6: Results CSV | B6: kineticanalysistableresults.csv | C6: File name of the Octet kinetic analysis results table.
A7: Prism template | C7: Optional. File name of a populated .prism whose graphs are kept (template route). Leave blank to build without a template.
A8: Prism output file | B8: Demo binding experiment | C8: Name of the .prism to produce. Upload an EMPTY Prism project with exactly this name into the run folder and the tool fills it in; the result is written to rebuild/<name>, so your upload is never overwritten.
A9: Kinetic concentrations per ligand | B9: 8 | C9: REQUIRED, entered by hand: how many dilution steps (A, B, ...) get a kinetics sheet.
A10: Number of analytes | B10: 3 | C10: REQUIRED, entered by hand (1-7): how many analytes are in the plate map and the raw files. Must equal the number of plate columns whose Role is Analyte. (Detected 3 Analyte column(s) in the plate map.)
A11: Normalization reference analyte | B11: Analyte Z | C11: Name of the analyte whose MW everything is normalized to (as written in the plate map).
A12: Dilution start (M) | B12: =Setup!N5 -> 1e-06 | C12: From the Setup sheet.
A13: Dilution factor | B13: =Setup!R5 -> 3 | C13: From the Setup sheet.
A14: Dilution steps | B14: 8 | C14: Concentrations in the series (A..H = 8).
A16: [Plate columns] | C16: Columns A, B, I, J are formulas that list every entry of the Setup plate map: edit the plate map, not these. Role, Display name and Made of are yours to fill in; if you reorder the plate map, re-check them, they do not move with the names. | L16: [Plate map scan] helper formulas, leave alone
A17: Plate column | B17: Contents (from Setup) | C17: Role | D17: Display name | E17: Made of (protein 1) | F17: Made of (protein 2) | G17: MW (g/mol) | H17: Check | I17: Plate rows | J17: Label (shown on Setup) | K17: Sensor rows (count) | L17: Plate column | M17: Row | N17: Name | O17: Starts entry | P17: Entry # | Q17: Next entry at row
A18: =IFERROR(INDEX($L$18:$L$113,MATCH(1,$P$18:$P$113,0)),"") -> 1 | B18: =IFERROR(INDEX($N$18:$N$113,MATCH(1,$P$18:$P$113,0)),"") -> Buffer | C18: Buffer | G18: =IF(OR(C18="Ligand",C18="Reference",C18="Analyte"),IF(E18="",0,SUMIF(Proteins!$A$5:$A$40,E18,Proteins!$C$5:$C$40))+IF(F18="",0,SUMIF(Proteins!$A$5:$A$40,F18,Proteins!$C$5:$C$40)),"") | I18: =IFERROR(IF(INDEX($Q$18:$Q$113,MATCH(1,$P$18:$P$113,0))-1=INDEX($M$18:$M$113,MATCH(1,$P$18:$P$113,0)),MID("ABCDEFGH",INDEX($M$18:$M$113,MATCH(1,$P$18:$P$113,0)),1),MID("ABCDEFGH",INDEX($M$18:$M$113,MATCH(1,$P$18:$P$113,0)),1)&"-"&MID("ABCDEFGH",INDEX($Q$18:$Q$113,MATCH(1,$P$18:$P$113,0))-1,1)),"") -> A-H | J18: =IF(C18="","",IF(OR(C18="Ligand",C18="Analyte"),C18&" "&COUNTIFS($C$18:C18,C18),C18)) -> Buffer | K18: =IFERROR(INDEX($Q$18:$Q$113,MATCH(1,$P$18:$P$113,0))-INDEX($M$18:$M$113,MATCH(1,$P$18:$P$113,0)),"") -> 8 | L18: 1 | M18: 1 | N18: =IF(Setup!B5="","",Setup!B5) -> Buffer | O18: =IF(N18="",0,1) -> 1 | P18: =O18 -> 1 | Q18: =IF(L19<>L18,9,IF(O19=1,M19,Q19)) -> 9
A19: =IFERROR(INDEX($L$18:$L$113,MATCH(2,$P$18:$P$113,0)),"") -> 2 | B19: =IFERROR(INDEX($N$18:$N$113,MATCH(2,$P$18:$P$113,0)),"") -> Binder A | C19: Ligand | E19: Binder A | G19: =IF(OR(C19="Ligand",C19="Reference",C19="Analyte"),IF(E19="",0,SUMIF(Proteins!$A$5:$A$40,E19,Proteins!$C$5:$C$40))+IF(F19="",0,SUMIF(Proteins!$A$5:$A$40,F19,Proteins!$C$5:$C$40)),"") -> 145000 | I19: =IFERROR(IF(INDEX($Q$18:$Q$113,MATCH(2,$P$18:$P$113,0))-1=INDEX($M$18:$M$113,MATCH(2,$P$18:$P$113,0)),MID("ABCDEFGH",INDEX($M$18:$M$113,MATCH(2,$P$18:$P$113,0)),1),MID("ABCDEFGH",INDEX($M$18:$M$113,MATCH(2,$P$18:$P$113,0)),1)&"-"&MID("ABCDEFGH",INDEX($Q$18:$Q$113,MATCH(2,$P$18:$P$113,0))-1,1)),"") -> A-H | J19: =IF(C19="","",IF(OR(C19="Ligand",C19="Analyte"),C19&" "&COUNTIFS($C$18:C19,C19),C19)) -> Ligand 1 | K19: =IFERROR(INDEX($Q$18:$Q$113,MATCH(2,$P$18:$P$113,0))-INDEX($M$18:$M$113,MATCH(2,$P$18:$P$113,0)),"") -> 8 | L19: 1 | M19: 2 | N19: =IF(Setup!B6="","",Setup!B6) -> Buffer | O19: =IF(N19="",0,IF(AND(L19=L18,N19=N18),0,1)) -> 0 | P19: =P18+O19 -> 1 | Q19: =IF(L20<>L19,9,IF(O20=1,M20,Q20)) -> 9
A20: =IFERROR(INDEX($L$18:$L$113,MATCH(3,$P$18:$P$113,0)),"") -> 3 | B20: =IFERROR(INDEX($N$18:$N$113,MATCH(3,$P$18:$P$113,0)),"") -> Binder B | C20: Ligand | E20: Binder B | G20: =IF(OR(C20="Ligand",C20="Reference",C20="Analyte"),IF(E20="",0,SUMIF(Proteins!$A$5:$A$40,E20,Proteins!$C$5:$C$40))+IF(F20="",0,SUMIF(Proteins!$A$5:$A$40,F20,Proteins!$C$5:$C$40)),"") -> 148000 | I20: =IFERROR(IF(INDEX($Q$18:$Q$113,MATCH(3,$P$18:$P$113,0))-1=INDEX($M$18:$M$113,MATCH(3,$P$18:$P$113,0)),MID("ABCDEFGH",INDEX($M$18:$M$113,MATCH(3,$P$18:$P$113,0)),1),MID("ABCDEFGH",INDEX($M$18:$M$113,MATCH(3,$P$18:$P$113,0)),1)&"-"&MID("ABCDEFGH",INDEX($Q$18:$Q$113,MATCH(3,$P$18:$P$113,0))-1,1)),"") -> A-H | J20: =IF(C20="","",IF(OR(C20="Ligand",C20="Analyte"),C20&" "&COUNTIFS($C$18:C20,C20),C20)) -> Ligand 2 | K20: =IFERROR(INDEX($Q$18:$Q$113,MATCH(3,$P$18:$P$113,0))-INDEX($M$18:$M$113,MATCH(3,$P$18:$P$113,0)),"") -> 8 | L20: 1 | M20: 3 | N20: =IF(Setup!B7="","",Setup!B7) -> Buffer | O20: =IF(N20="",0,IF(AND(L20=L19,N20=N19),0,1)) -> 0 | P20: =P19+O20 -> 1 | Q20: =IF(L21<>L20,9,IF(O21=1,M21,Q21)) -> 9
A21: =IFERROR(INDEX($L$18:$L$113,MATCH(4,$P$18:$P$113,0)),"") -> 4 | B21: =IFERROR(INDEX($N$18:$N$113,MATCH(4,$P$18:$P$113,0)),"") -> Control IgG | C21: Reference | E21: Control IgG | G21: =IF(OR(C21="Ligand",C21="Reference",C21="Analyte"),IF(E21="",0,SUMIF(Proteins!$A$5:$A$40,E21,Proteins!$C$5:$C$40))+IF(F21="",0,SUMIF(Proteins!$A$5:$A$40,F21,Proteins!$C$5:$C$40)),"") -> 150000 | I21: =IFERROR(IF(INDEX($Q$18:$Q$113,MATCH(4,$P$18:$P$113,0))-1=INDEX($M$18:$M$113,MATCH(4,$P$18:$P$113,0)),MID("ABCDEFGH",INDEX($M$18:$M$113,MATCH(4,$P$18:$P$113,0)),1),MID("ABCDEFGH",INDEX($M$18:$M$113,MATCH(4,$P$18:$P$113,0)),1)&"-"&MID("ABCDEFGH",INDEX($Q$18:$Q$113,MATCH(4,$P$18:$P$113,0))-1,1)),"") -> A-H | J21: =IF(C21="","",IF(OR(C21="Ligand",C21="Analyte"),C21&" "&COUNTIFS($C$18:C21,C21),C21)) -> Reference | K21: =IFERROR(INDEX($Q$18:$Q$113,MATCH(4,$P$18:$P$113,0))-INDEX($M$18:$M$113,MATCH(4,$P$18:$P$113,0)),"") -> 8 | L21: 1 | M21: 4 | N21: =IF(Setup!B8="","",Setup!B8) -> Buffer | O21: =IF(N21="",0,IF(AND(L21=L20,N21=N20),0,1)) -> 0 | P21: =P20+O21 -> 1 | Q21: =IF(L22<>L21,9,IF(O22=1,M22,Q22)) -> 9
A22: =IFERROR(INDEX($L$18:$L$113,MATCH(5,$P$18:$P$113,0)),"") -> 5 | B22: =IFERROR(INDEX($N$18:$N$113,MATCH(5,$P$18:$P$113,0)),"") -> Buffer | C22: Buffer | G22: =IF(OR(C22="Ligand",C22="Reference",C22="Analyte"),IF(E22="",0,SUMIF(Proteins!$A$5:$A$40,E22,Proteins!$C$5:$C$40))+IF(F22="",0,SUMIF(Proteins!$A$5:$A$40,F22,Proteins!$C$5:$C$40)),"") | I22: =IFERROR(IF(INDEX($Q$18:$Q$113,MATCH(5,$P$18:$P$113,0))-1=INDEX($M$18:$M$113,MATCH(5,$P$18:$P$113,0)),MID("ABCDEFGH",INDEX($M$18:$M$113,MATCH(5,$P$18:$P$113,0)),1),MID("ABCDEFGH",INDEX($M$18:$M$113,MATCH(5,$P$18:$P$113,0)),1)&"-"&MID("ABCDEFGH",INDEX($Q$18:$Q$113,MATCH(5,$P$18:$P$113,0))-1,1)),"") -> A-H | J22: =IF(C22="","",IF(OR(C22="Ligand",C22="Analyte"),C22&" "&COUNTIFS($C$18:C22,C22),C22)) -> Buffer | K22: =IFERROR(INDEX($Q$18:$Q$113,MATCH(5,$P$18:$P$113,0))-INDEX($M$18:$M$113,MATCH(5,$P$18:$P$113,0)),"") -> 8 | L22: 1 | M22: 5 | N22: =IF(Setup!B9="","",Setup!B9) -> Buffer | O22: =IF(N22="",0,IF(AND(L22=L21,N22=N21),0,1)) -> 0 | P22: =P21+O22 -> 1 | Q22: =IF(L23<>L22,9,IF(O23=1,M23,Q23)) -> 9
A23: =IFERROR(INDEX($L$18:$L$113,MATCH(6,$P$18:$P$113,0)),"") -> 6 | B23: =IFERROR(INDEX($N$18:$N$113,MATCH(6,$P$18:$P$113,0)),"") -> Buffer | C23: Buffer | G23: =IF(OR(C23="Ligand",C23="Reference",C23="Analyte"),IF(E23="",0,SUMIF(Proteins!$A$5:$A$40,E23,Proteins!$C$5:$C$40))+IF(F23="",0,SUMIF(Proteins!$A$5:$A$40,F23,Proteins!$C$5:$C$40)),"") | I23: =IFERROR(IF(INDEX($Q$18:$Q$113,MATCH(6,$P$18:$P$113,0))-1=INDEX($M$18:$M$113,MATCH(6,$P$18:$P$113,0)),MID("ABCDEFGH",INDEX($M$18:$M$113,MATCH(6,$P$18:$P$113,0)),1),MID("ABCDEFGH",INDEX($M$18:$M$113,MATCH(6,$P$18:$P$113,0)),1)&"-"&MID("ABCDEFGH",INDEX($Q$18:$Q$113,MATCH(6,$P$18:$P$113,0))-1,1)),"") -> A-H | J23: =IF(C23="","",IF(OR(C23="Ligand",C23="Analyte"),C23&" "&COUNTIFS($C$18:C23,C23),C23)) -> Buffer | K23: =IFERROR(INDEX($Q$18:$Q$113,MATCH(6,$P$18:$P$113,0))-INDEX($M$18:$M$113,MATCH(6,$P$18:$P$113,0)),"") -> 8 | L23: 1 | M23: 6 | N23: =IF(Setup!B10="","",Setup!B10) -> Buffer | O23: =IF(N23="",0,IF(AND(L23=L22,N23=N22),0,1)) -> 0 | P23: =P22+O23 -> 1 | Q23: =IF(L24<>L23,9,IF(O24=1,M24,Q24)) -> 9
A24: =IFERROR(INDEX($L$18:$L$113,MATCH(7,$P$18:$P$113,0)),"") -> 7 | B24: =IFERROR(INDEX($N$18:$N$113,MATCH(7,$P$18:$P$113,0)),"") -> Buffer | C24: Buffer | G24: =IF(OR(C24="Ligand",C24="Reference",C24="Analyte"),IF(E24="",0,SUMIF(Proteins!$A$5:$A$40,E24,Proteins!$C$5:$C$40))+IF(F24="",0,SUMIF(Proteins!$A$5:$A$40,F24,Proteins!$C$5:$C$40)),"") | I24: =IFERROR(IF(INDEX($Q$18:$Q$113,MATCH(7,$P$18:$P$113,0))-1=INDEX($M$18:$M$113,MATCH(7,$P$18:$P$113,0)),MID("ABCDEFGH",INDEX($M$18:$M$113,MATCH(7,$P$18:$P$113,0)),1),MID("ABCDEFGH",INDEX($M$18:$M$113,MATCH(7,$P$18:$P$113,0)),1)&"-"&MID("ABCDEFGH",INDEX($Q$18:$Q$113,MATCH(7,$P$18:$P$113,0))-1,1)),"") -> A-H | J24: =IF(C24="","",IF(OR(C24="Ligand",C24="Analyte"),C24&" "&COUNTIFS($C$18:C24,C24),C24)) -> Buffer | K24: =IFERROR(INDEX($Q$18:$Q$113,MATCH(7,$P$18:$P$113,0))-INDEX($M$18:$M$113,MATCH(7,$P$18:$P$113,0)),"") -> 8 | L24: 1 | M24: 7 | N24: =IF(Setup!B11="","",Setup!B11) -> Buffer | O24: =IF(N24="",0,IF(AND(L24=L23,N24=N23),0,1)) -> 0 | P24: =P23+O24 -> 1 | Q24: =IF(L25<>L24,9,IF(O25=1,M25,Q25)) -> 9
A25: =IFERROR(INDEX($L$18:$L$113,MATCH(8,$P$18:$P$113,0)),"") -> 8 | B25: =IFERROR(INDEX($N$18:$N$113,MATCH(8,$P$18:$P$113,0)),"") -> Analyte X | C25: Analyte | D25: Analyte X | E25: Analyte X | G25: =IF(OR(C25="Ligand",C25="Reference",C25="Analyte"),IF(E25="",0,SUMIF(Proteins!$A$5:$A$40,E25,Proteins!$C$5:$C$40))+IF(F25="",0,SUMIF(Proteins!$A$5:$A$40,F25,Proteins!$C$5:$C$40)),"") -> 21000 | I25: =IFERROR(IF(INDEX($Q$18:$Q$113,MATCH(8,$P$18:$P$113,0))-1=INDEX($M$18:$M$113,MATCH(8,$P$18:$P$113,0)),MID("ABCDEFGH",INDEX($M$18:$M$113,MATCH(8,$P$18:$P$113,0)),1),MID("ABCDEFGH",INDEX($M$18:$M$113,MATCH(8,$P$18:$P$113,0)),1)&"-"&MID("ABCDEFGH",INDEX($Q$18:$Q$113,MATCH(8,$P$18:$P$113,0))-1,1)),"") -> A-H | J25: =IF(C25="","",IF(OR(C25="Ligand",C25="Analyte"),C25&" "&COUNTIFS($C$18:C25,C25),C25)) -> Analyte 1 | K25: =IFERROR(INDEX($Q$18:$Q$113,MATCH(8,$P$18:$P$113,0))-INDEX($M$18:$M$113,MATCH(8,$P$18:$P$113,0)),"") -> 8 | L25: 1 | M25: 8 | N25: =IF(Setup!B12="","",Setup!B12) -> Buffer | O25: =IF(N25="",0,IF(AND(L25=L24,N25=N24),0,1)) -> 0 | P25: =P24+O25 -> 1 | Q25: =IF(L26<>L25,9,IF(O26=1,M26,Q26)) -> 9
A26: =IFERROR(INDEX($L$18:$L$113,MATCH(9,$P$18:$P$113,0)),"") -> 9 | B26: =IFERROR(INDEX($N$18:$N$113,MATCH(9,$P$18:$P$113,0)),"") -> Analyte Y | C26: Analyte | D26: Analyte Y | E26: Analyte Y | G26: =IF(OR(C26="Ligand",C26="Reference",C26="Analyte"),IF(E26="",0,SUMIF(Proteins!$A$5:$A$40,E26,Proteins!$C$5:$C$40))+IF(F26="",0,SUMIF(Proteins!$A$5:$A$40,F26,Proteins!$C$5:$C$40)),"") -> 22000 | I26: =IFERROR(IF(INDEX($Q$18:$Q$113,MATCH(9,$P$18:$P$113,0))-1=INDEX($M$18:$M$113,MATCH(9,$P$18:$P$113,0)),MID("ABCDEFGH",INDEX($M$18:$M$113,MATCH(9,$P$18:$P$113,0)),1),MID("ABCDEFGH",INDEX($M$18:$M$113,MATCH(9,$P$18:$P$113,0)),1)&"-"&MID("ABCDEFGH",INDEX($Q$18:$Q$113,MATCH(9,$P$18:$P$113,0))-1,1)),"") -> A-H | J26: =IF(C26="","",IF(OR(C26="Ligand",C26="Analyte"),C26&" "&COUNTIFS($C$18:C26,C26),C26)) -> Analyte 2 | K26: =IFERROR(INDEX($Q$18:$Q$113,MATCH(9,$P$18:$P$113,0))-INDEX($M$18:$M$113,MATCH(9,$P$18:$P$113,0)),"") -> 8 | L26: 2 | M26: 1 | N26: =IF(Setup!C5="","",Setup!C5) -> Binder A | O26: =IF(N26="",0,IF(AND(L26=L25,N26=N25),0,1)) -> 1 | P26: =P25+O26 -> 2 | Q26: =IF(L27<>L26,9,IF(O27=1,M27,Q27)) -> 9
A27: =IFERROR(INDEX($L$18:$L$113,MATCH(10,$P$18:$P$113,0)),"") -> 10 | B27: =IFERROR(INDEX($N$18:$N$113,MATCH(10,$P$18:$P$113,0)),"") -> Analyte Z | C27: Analyte | D27: Analyte Z | E27: Analyte Z | G27: =IF(OR(C27="Ligand",C27="Reference",C27="Analyte"),IF(E27="",0,SUMIF(Proteins!$A$5:$A$40,E27,Proteins!$C$5:$C$40))+IF(F27="",0,SUMIF(Proteins!$A$5:$A$40,F27,Proteins!$C$5:$C$40)),"") -> 25000 | I27: =IFERROR(IF(INDEX($Q$18:$Q$113,MATCH(10,$P$18:$P$113,0))-1=INDEX($M$18:$M$113,MATCH(10,$P$18:$P$113,0)),MID("ABCDEFGH",INDEX($M$18:$M$113,MATCH(10,$P$18:$P$113,0)),1),MID("ABCDEFGH",INDEX($M$18:$M$113,MATCH(10,$P$18:$P$113,0)),1)&"-"&MID("ABCDEFGH",INDEX($Q$18:$Q$113,MATCH(10,$P$18:$P$113,0))-1,1)),"") -> A-H | J27: =IF(C27="","",IF(OR(C27="Ligand",C27="Analyte"),C27&" "&COUNTIFS($C$18:C27,C27),C27)) -> Analyte 3 | K27: =IFERROR(INDEX($Q$18:$Q$113,MATCH(10,$P$18:$P$113,0))-INDEX($M$18:$M$113,MATCH(10,$P$18:$P$113,0)),"") -> 8 | L27: 2 | M27: 2 | N27: =IF(Setup!C6="","",Setup!C6) -> Binder A | O27: =IF(N27="",0,IF(AND(L27=L26,N27=N26),0,1)) -> 0 | P27: =P26+O27 -> 2 | Q27: =IF(L28<>L27,9,IF(O28=1,M28,Q28)) -> 9
A28: =IFERROR(INDEX($L$18:$L$113,MATCH(11,$P$18:$P$113,0)),"") -> 11 | B28: =IFERROR(INDEX($N$18:$N$113,MATCH(11,$P$18:$P$113,0)),"") -> 10 mM Glycine pH 2.7 | C28: Regeneration | G28: =IF(OR(C28="Ligand",C28="Reference",C28="Analyte"),IF(E28="",0,SUMIF(Proteins!$A$5:$A$40,E28,Proteins!$C$5:$C$40))+IF(F28="",0,SUMIF(Proteins!$A$5:$A$40,F28,Proteins!$C$5:$C$40)),"") | I28: =IFERROR(IF(INDEX($Q$18:$Q$113,MATCH(11,$P$18:$P$113,0))-1=INDEX($M$18:$M$113,MATCH(11,$P$18:$P$113,0)),MID("ABCDEFGH",INDEX($M$18:$M$113,MATCH(11,$P$18:$P$113,0)),1),MID("ABCDEFGH",INDEX($M$18:$M$113,MATCH(11,$P$18:$P$113,0)),1)&"-"&MID("ABCDEFGH",INDEX($Q$18:$Q$113,MATCH(11,$P$18:$P$113,0))-1,1)),"") -> A-H | J28: =IF(C28="","",IF(OR(C28="Ligand",C28="Analyte"),C28&" "&COUNTIFS($C$18:C28,C28),C28)) -> Regeneration | K28: =IFERROR(INDEX($Q$18:$Q$113,MATCH(11,$P$18:$P$113,0))-INDEX($M$18:$M$113,MATCH(11,$P$18:$P$113,0)),"") -> 8 | L28: 2 | M28: 3 | N28: =IF(Setup!C7="","",Setup!C7) -> Binder A | O28: =IF(N28="",0,IF(AND(L28=L27,N28=N27),0,1)) -> 0 | P28: =P27+O28 -> 2 | Q28: =IF(L29<>L28,9,IF(O29=1,M29,Q29)) -> 9
A29: =IFERROR(INDEX($L$18:$L$113,MATCH(12,$P$18:$P$113,0)),"") -> 12 | B29: =IFERROR(INDEX($N$18:$N$113,MATCH(12,$P$18:$P$113,0)),"") -> Buffer | C29: Buffer | G29: =IF(OR(C29="Ligand",C29="Reference",C29="Analyte"),IF(E29="",0,SUMIF(Proteins!$A$5:$A$40,E29,Proteins!$C$5:$C$40))+IF(F29="",0,SUMIF(Proteins!$A$5:$A$40,F29,Proteins!$C$5:$C$40)),"") | I29: =IFERROR(IF(INDEX($Q$18:$Q$113,MATCH(12,$P$18:$P$113,0))-1=INDEX($M$18:$M$113,MATCH(12,$P$18:$P$113,0)),MID("ABCDEFGH",INDEX($M$18:$M$113,MATCH(12,$P$18:$P$113,0)),1),MID("ABCDEFGH",INDEX($M$18:$M$113,MATCH(12,$P$18:$P$113,0)),1)&"-"&MID("ABCDEFGH",INDEX($Q$18:$Q$113,MATCH(12,$P$18:$P$113,0))-1,1)),"") -> A-H | J29: =IF(C29="","",IF(OR(C29="Ligand",C29="Analyte"),C29&" "&COUNTIFS($C$18:C29,C29),C29)) -> Buffer | K29: =IFERROR(INDEX($Q$18:$Q$113,MATCH(12,$P$18:$P$113,0))-INDEX($M$18:$M$113,MATCH(12,$P$18:$P$113,0)),"") -> 8 | L29: 2 | M29: 4 | N29: =IF(Setup!C8="","",Setup!C8) -> Binder A | O29: =IF(N29="",0,IF(AND(L29=L28,N29=N28),0,1)) -> 0 | P29: =P28+O29 -> 2 | Q29: =IF(L30<>L29,9,IF(O30=1,M30,Q30)) -> 9
A30: =IFERROR(INDEX($L$18:$L$113,MATCH(13,$P$18:$P$113,0)),"") | B30: =IFERROR(INDEX($N$18:$N$113,MATCH(13,$P$18:$P$113,0)),"") | G30: =IF(OR(C30="Ligand",C30="Reference",C30="Analyte"),IF(E30="",0,SUMIF(Proteins!$A$5:$A$40,E30,Proteins!$C$5:$C$40))+IF(F30="",0,SUMIF(Proteins!$A$5:$A$40,F30,Proteins!$C$5:$C$40)),"") | I30: =IFERROR(IF(INDEX($Q$18:$Q$113,MATCH(13,$P$18:$P$113,0))-1=INDEX($M$18:$M$113,MATCH(13,$P$18:$P$113,0)),MID("ABCDEFGH",INDEX($M$18:$M$113,MATCH(13,$P$18:$P$113,0)),1),MID("ABCDEFGH",INDEX($M$18:$M$113,MATCH(13,$P$18:$P$113,0)),1)&"-"&MID("ABCDEFGH",INDEX($Q$18:$Q$113,MATCH(13,$P$18:$P$113,0))-1,1)),"") | J30: =IF(C30="","",IF(OR(C30="Ligand",C30="Analyte"),C30&" "&COUNTIFS($C$18:C30,C30),C30)) | K30: =IFERROR(INDEX($Q$18:$Q$113,MATCH(13,$P$18:$P$113,0))-INDEX($M$18:$M$113,MATCH(13,$P$18:$P$113,0)),"") | L30: 2 | M30: 5 | N30: =IF(Setup!C9="","",Setup!C9) -> Binder A | O30: =IF(N30="",0,IF(AND(L30=L29,N30=N29),0,1)) -> 0 | P30: =P29+O30 -> 2 | Q30: =IF(L31<>L30,9,IF(O31=1,M31,Q31)) -> 9
A31: =IFERROR(INDEX($L$18:$L$113,MATCH(14,$P$18:$P$113,0)),"") | B31: =IFERROR(INDEX($N$18:$N$113,MATCH(14,$P$18:$P$113,0)),"") | G31: =IF(OR(C31="Ligand",C31="Reference",C31="Analyte"),IF(E31="",0,SUMIF(Proteins!$A$5:$A$40,E31,Proteins!$C$5:$C$40))+IF(F31="",0,SUMIF(Proteins!$A$5:$A$40,F31,Proteins!$C$5:$C$40)),"") | I31: =IFERROR(IF(INDEX($Q$18:$Q$113,MATCH(14,$P$18:$P$113,0))-1=INDEX($M$18:$M$113,MATCH(14,$P$18:$P$113,0)),MID("ABCDEFGH",INDEX($M$18:$M$113,MATCH(14,$P$18:$P$113,0)),1),MID("ABCDEFGH",INDEX($M$18:$M$113,MATCH(14,$P$18:$P$113,0)),1)&"-"&MID("ABCDEFGH",INDEX($Q$18:$Q$113,MATCH(14,$P$18:$P$113,0))-1,1)),"") | J31: =IF(C31="","",IF(OR(C31="Ligand",C31="Analyte"),C31&" "&COUNTIFS($C$18:C31,C31),C31)) | K31: =IFERROR(INDEX($Q$18:$Q$113,MATCH(14,$P$18:$P$113,0))-INDEX($M$18:$M$113,MATCH(14,$P$18:$P$113,0)),"") | L31: 2 | M31: 6 | N31: =IF(Setup!C10="","",Setup!C10) -> Binder A | O31: =IF(N31="",0,IF(AND(L31=L30,N31=N30),0,1)) -> 0 | P31: =P30+O31 -> 2 | Q31: =IF(L32<>L31,9,IF(O32=1,M32,Q32)) -> 9
A32: =IFERROR(INDEX($L$18:$L$113,MATCH(15,$P$18:$P$113,0)),"") | B32: =IFERROR(INDEX($N$18:$N$113,MATCH(15,$P$18:$P$113,0)),"") | G32: =IF(OR(C32="Ligand",C32="Reference",C32="Analyte"),IF(E32="",0,SUMIF(Proteins!$A$5:$A$40,E32,Proteins!$C$5:$C$40))+IF(F32="",0,SUMIF(Proteins!$A$5:$A$40,F32,Proteins!$C$5:$C$40)),"") | I32: =IFERROR(IF(INDEX($Q$18:$Q$113,MATCH(15,$P$18:$P$113,0))-1=INDEX($M$18:$M$113,MATCH(15,$P$18:$P$113,0)),MID("ABCDEFGH",INDEX($M$18:$M$113,MATCH(15,$P$18:$P$113,0)),1),MID("ABCDEFGH",INDEX($M$18:$M$113,MATCH(15,$P$18:$P$113,0)),1)&"-"&MID("ABCDEFGH",INDEX($Q$18:$Q$113,MATCH(15,$P$18:$P$113,0))-1,1)),"") | J32: =IF(C32="","",IF(OR(C32="Ligand",C32="Analyte"),C32&" "&COUNTIFS($C$18:C32,C32),C32)) | K32: =IFERROR(INDEX($Q$18:$Q$113,MATCH(15,$P$18:$P$113,0))-INDEX($M$18:$M$113,MATCH(15,$P$18:$P$113,0)),"") | L32: 2 | M32: 7 | N32: =IF(Setup!C11="","",Setup!C11) -> Binder A | O32: =IF(N32="",0,IF(AND(L32=L31,N32=N31),0,1)) -> 0 | P32: =P31+O32 -> 2 | Q32: =IF(L33<>L32,9,IF(O33=1,M33,Q33)) -> 9
A33: =IFERROR(INDEX($L$18:$L$113,MATCH(16,$P$18:$P$113,0)),"") | B33: =IFERROR(INDEX($N$18:$N$113,MATCH(16,$P$18:$P$113,0)),"") | G33: =IF(OR(C33="Ligand",C33="Reference",C33="Analyte"),IF(E33="",0,SUMIF(Proteins!$A$5:$A$40,E33,Proteins!$C$5:$C$40))+IF(F33="",0,SUMIF(Proteins!$A$5:$A$40,F33,Proteins!$C$5:$C$40)),"") | I33: =IFERROR(IF(INDEX($Q$18:$Q$113,MATCH(16,$P$18:$P$113,0))-1=INDEX($M$18:$M$113,MATCH(16,$P$18:$P$113,0)),MID("ABCDEFGH",INDEX($M$18:$M$113,MATCH(16,$P$18:$P$113,0)),1),MID("ABCDEFGH",INDEX($M$18:$M$113,MATCH(16,$P$18:$P$113,0)),1)&"-"&MID("ABCDEFGH",INDEX($Q$18:$Q$113,MATCH(16,$P$18:$P$113,0))-1,1)),"") | J33: =IF(C33="","",IF(OR(C33="Ligand",C33="Analyte"),C33&" "&COUNTIFS($C$18:C33,C33),C33)) | K33: =IFERROR(INDEX($Q$18:$Q$113,MATCH(16,$P$18:$P$113,0))-INDEX($M$18:$M$113,MATCH(16,$P$18:$P$113,0)),"") | L33: 2 | M33: 8 | N33: =IF(Setup!C12="","",Setup!C12) -> Binder A | O33: =IF(N33="",0,IF(AND(L33=L32,N33=N32),0,1)) -> 0 | P33: =P32+O33 -> 2 | Q33: =IF(L34<>L33,9,IF(O34=1,M34,Q34)) -> 9
A34: =IFERROR(INDEX($L$18:$L$113,MATCH(17,$P$18:$P$113,0)),"") | B34: =IFERROR(INDEX($N$18:$N$113,MATCH(17,$P$18:$P$113,0)),"") | G34: =IF(OR(C34="Ligand",C34="Reference",C34="Analyte"),IF(E34="",0,SUMIF(Proteins!$A$5:$A$40,E34,Proteins!$C$5:$C$40))+IF(F34="",0,SUMIF(Proteins!$A$5:$A$40,F34,Proteins!$C$5:$C$40)),"") | I34: =IFERROR(IF(INDEX($Q$18:$Q$113,MATCH(17,$P$18:$P$113,0))-1=INDEX($M$18:$M$113,MATCH(17,$P$18:$P$113,0)),MID("ABCDEFGH",INDEX($M$18:$M$113,MATCH(17,$P$18:$P$113,0)),1),MID("ABCDEFGH",INDEX($M$18:$M$113,MATCH(17,$P$18:$P$113,0)),1)&"-"&MID("ABCDEFGH",INDEX($Q$18:$Q$113,MATCH(17,$P$18:$P$113,0))-1,1)),"") | J34: =IF(C34="","",IF(OR(C34="Ligand",C34="Analyte"),C34&" "&COUNTIFS($C$18:C34,C34),C34)) | K34: =IFERROR(INDEX($Q$18:$Q$113,MATCH(17,$P$18:$P$113,0))-INDEX($M$18:$M$113,MATCH(17,$P$18:$P$113,0)),"") | L34: 3 | M34: 1 | N34: =IF(Setup!D5="","",Setup!D5) -> Binder B | O34: =IF(N34="",0,IF(AND(L34=L33,N34=N33),0,1)) -> 1 | P34: =P33+O34 -> 3 | Q34: =IF(L35<>L34,9,IF(O35=1,M35,Q35)) -> 9
A35: =IFERROR(INDEX($L$18:$L$113,MATCH(18,$P$18:$P$113,0)),"") | B35: =IFERROR(INDEX($N$18:$N$113,MATCH(18,$P$18:$P$113,0)),"") | G35: =IF(OR(C35="Ligand",C35="Reference",C35="Analyte"),IF(E35="",0,SUMIF(Proteins!$A$5:$A$40,E35,Proteins!$C$5:$C$40))+IF(F35="",0,SUMIF(Proteins!$A$5:$A$40,F35,Proteins!$C$5:$C$40)),"") | I35: =IFERROR(IF(INDEX($Q$18:$Q$113,MATCH(18,$P$18:$P$113,0))-1=INDEX($M$18:$M$113,MATCH(18,$P$18:$P$113,0)),MID("ABCDEFGH",INDEX($M$18:$M$113,MATCH(18,$P$18:$P$113,0)),1),MID("ABCDEFGH",INDEX($M$18:$M$113,MATCH(18,$P$18:$P$113,0)),1)&"-"&MID("ABCDEFGH",INDEX($Q$18:$Q$113,MATCH(18,$P$18:$P$113,0))-1,1)),"") | J35: =IF(C35="","",IF(OR(C35="Ligand",C35="Analyte"),C35&" "&COUNTIFS($C$18:C35,C35),C35)) | K35: =IFERROR(INDEX($Q$18:$Q$113,MATCH(18,$P$18:$P$113,0))-INDEX($M$18:$M$113,MATCH(18,$P$18:$P$113,0)),"") | L35: 3 | M35: 2 | N35: =IF(Setup!D6="","",Setup!D6) -> Binder B | O35: =IF(N35="",0,IF(AND(L35=L34,N35=N34),0,1)) -> 0 | P35: =P34+O35 -> 3 | Q35: =IF(L36<>L35,9,IF(O36=1,M36,Q36)) -> 9
L36: 3 | M36: 3 | N36: =IF(Setup!D7="","",Setup!D7) -> Binder B | O36: =IF(N36="",0,IF(AND(L36=L35,N36=N35),0,1)) -> 0 | P36: =P35+O36 -> 3 | Q36: =IF(L37<>L36,9,IF(O37=1,M37,Q37)) -> 9
L37: 3 | M37: 4 | N37: =IF(Setup!D8="","",Setup!D8) -> Binder B | O37: =IF(N37="",0,IF(AND(L37=L36,N37=N36),0,1)) -> 0 | P37: =P36+O37 -> 3 | Q37: =IF(L38<>L37,9,IF(O38=1,M38,Q38)) -> 9
L38: 3 | M38: 5 | N38: =IF(Setup!D9="","",Setup!D9) -> Binder B | O38: =IF(N38="",0,IF(AND(L38=L37,N38=N37),0,1)) -> 0 | P38: =P37+O38 -> 3 | Q38: =IF(L39<>L38,9,IF(O39=1,M39,Q39)) -> 9
L39: 3 | M39: 6 | N39: =IF(Setup!D10="","",Setup!D10) -> Binder B | O39: =IF(N39="",0,IF(AND(L39=L38,N39=N38),0,1)) -> 0 | P39: =P38+O39 -> 3 | Q39: =IF(L40<>L39,9,IF(O40=1,M40,Q40)) -> 9
L40: 3 | M40: 7 | N40: =IF(Setup!D11="","",Setup!D11) -> Binder B | O40: =IF(N40="",0,IF(AND(L40=L39,N40=N39),0,1)) -> 0 | P40: =P39+O40 -> 3 | Q40: =IF(L41<>L40,9,IF(O41=1,M41,Q41)) -> 9
L41: 3 | M41: 8 | N41: =IF(Setup!D12="","",Setup!D12) -> Binder B | O41: =IF(N41="",0,IF(AND(L41=L40,N41=N40),0,1)) -> 0 | P41: =P40+O41 -> 3 | Q41: =IF(L42<>L41,9,IF(O42=1,M42,Q42)) -> 9
L42: 4 | M42: 1 | N42: =IF(Setup!E5="","",Setup!E5) -> Control IgG | O42: =IF(N42="",0,IF(AND(L42=L41,N42=N41),0,1)) -> 1 | P42: =P41+O42 -> 4 | Q42: =IF(L43<>L42,9,IF(O43=1,M43,Q43)) -> 9
L43: 4 | M43: 2 | N43: =IF(Setup!E6="","",Setup!E6) -> Control IgG | O43: =IF(N43="",0,IF(AND(L43=L42,N43=N42),0,1)) -> 0 | P43: =P42+O43 -> 4 | Q43: =IF(L44<>L43,9,IF(O44=1,M44,Q44)) -> 9
L44: 4 | M44: 3 | N44: =IF(Setup!E7="","",Setup!E7) -> Control IgG | O44: =IF(N44="",0,IF(AND(L44=L43,N44=N43),0,1)) -> 0 | P44: =P43+O44 -> 4 | Q44: =IF(L45<>L44,9,IF(O45=1,M45,Q45)) -> 9
L45: 4 | M45: 4 | N45: =IF(Setup!E8="","",Setup!E8) -> Control IgG | O45: =IF(N45="",0,IF(AND(L45=L44,N45=N44),0,1)) -> 0 | P45: =P44+O45 -> 4 | Q45: =IF(L46<>L45,9,IF(O46=1,M46,Q46)) -> 9
L46: 4 | M46: 5 | N46: =IF(Setup!E9="","",Setup!E9) -> Control IgG | O46: =IF(N46="",0,IF(AND(L46=L45,N46=N45),0,1)) -> 0 | P46: =P45+O46 -> 4 | Q46: =IF(L47<>L46,9,IF(O47=1,M47,Q47)) -> 9
L47: 4 | M47: 6 | N47: =IF(Setup!E10="","",Setup!E10) -> Control IgG | O47: =IF(N47="",0,IF(AND(L47=L46,N47=N46),0,1)) -> 0 | P47: =P46+O47 -> 4 | Q47: =IF(L48<>L47,9,IF(O48=1,M48,Q48)) -> 9
L48: 4 | M48: 7 | N48: =IF(Setup!E11="","",Setup!E11) -> Control IgG | O48: =IF(N48="",0,IF(AND(L48=L47,N48=N47),0,1)) -> 0 | P48: =P47+O48 -> 4 | Q48: =IF(L49<>L48,9,IF(O49=1,M49,Q49)) -> 9
L49: 4 | M49: 8 | N49: =IF(Setup!E12="","",Setup!E12) -> Control IgG | O49: =IF(N49="",0,IF(AND(L49=L48,N49=N48),0,1)) -> 0 | P49: =P48+O49 -> 4 | Q49: =IF(L50<>L49,9,IF(O50=1,M50,Q50)) -> 9
L50: 5 | M50: 1 | N50: =IF(Setup!F5="","",Setup!F5) -> Buffer | O50: =IF(N50="",0,IF(AND(L50=L49,N50=N49),0,1)) -> 1 | P50: =P49+O50 -> 5 | Q50: =IF(L51<>L50,9,IF(O51=1,M51,Q51)) -> 9
L51: 5 | M51: 2 | N51: =IF(Setup!F6="","",Setup!F6) -> Buffer | O51: =IF(N51="",0,IF(AND(L51=L50,N51=N50),0,1)) -> 0 | P51: =P50+O51 -> 5 | Q51: =IF(L52<>L51,9,IF(O52=1,M52,Q52)) -> 9
L52: 5 | M52: 3 | N52: =IF(Setup!F7="","",Setup!F7) -> Buffer | O52: =IF(N52="",0,IF(AND(L52=L51,N52=N51),0,1)) -> 0 | P52: =P51+O52 -> 5 | Q52: =IF(L53<>L52,9,IF(O53=1,M53,Q53)) -> 9
L53: 5 | M53: 4 | N53: =IF(Setup!F8="","",Setup!F8) -> Buffer | O53: =IF(N53="",0,IF(AND(L53=L52,N53=N52),0,1)) -> 0 | P53: =P52+O53 -> 5 | Q53: =IF(L54<>L53,9,IF(O54=1,M54,Q54)) -> 9
L54: 5 | M54: 5 | N54: =IF(Setup!F9="","",Setup!F9) -> Buffer | O54: =IF(N54="",0,IF(AND(L54=L53,N54=N53),0,1)) -> 0 | P54: =P53+O54 -> 5 | Q54: =IF(L55<>L54,9,IF(O55=1,M55,Q55)) -> 9
L55: 5 | M55: 6 | N55: =IF(Setup!F10="","",Setup!F10) -> Buffer | O55: =IF(N55="",0,IF(AND(L55=L54,N55=N54),0,1)) -> 0 | P55: =P54+O55 -> 5 | Q55: =IF(L56<>L55,9,IF(O56=1,M56,Q56)) -> 9
L56: 5 | M56: 7 | N56: =IF(Setup!F11="","",Setup!F11) -> Buffer | O56: =IF(N56="",0,IF(AND(L56=L55,N56=N55),0,1)) -> 0 | P56: =P55+O56 -> 5 | Q56: =IF(L57<>L56,9,IF(O57=1,M57,Q57)) -> 9
L57: 5 | M57: 8 | N57: =IF(Setup!F12="","",Setup!F12) -> Buffer | O57: =IF(N57="",0,IF(AND(L57=L56,N57=N56),0,1)) -> 0 | P57: =P56+O57 -> 5 | Q57: =IF(L58<>L57,9,IF(O58=1,M58,Q58)) -> 9
L58: 6 | M58: 1 | N58: =IF(Setup!G5="","",Setup!G5) -> Buffer | O58: =IF(N58="",0,IF(AND(L58=L57,N58=N57),0,1)) -> 1 | P58: =P57+O58 -> 6 | Q58: =IF(L59<>L58,9,IF(O59=1,M59,Q59)) -> 9
L59: 6 | M59: 2 | N59: =IF(Setup!G6="","",Setup!G6) -> Buffer | O59: =IF(N59="",0,IF(AND(L59=L58,N59=N58),0,1)) -> 0 | P59: =P58+O59 -> 6 | Q59: =IF(L60<>L59,9,IF(O60=1,M60,Q60)) -> 9
L60: 6 | M60: 3 | N60: =IF(Setup!G7="","",Setup!G7) -> Buffer | O60: =IF(N60="",0,IF(AND(L60=L59,N60=N59),0,1)) -> 0 | P60: =P59+O60 -> 6 | Q60: =IF(L61<>L60,9,IF(O61=1,M61,Q61)) -> 9
L61: 6 | M61: 4 | N61: =IF(Setup!G8="","",Setup!G8) -> Buffer | O61: =IF(N61="",0,IF(AND(L61=L60,N61=N60),0,1)) -> 0 | P61: =P60+O61 -> 6 | Q61: =IF(L62<>L61,9,IF(O62=1,M62,Q62)) -> 9
L62: 6 | M62: 5 | N62: =IF(Setup!G9="","",Setup!G9) -> Buffer | O62: =IF(N62="",0,IF(AND(L62=L61,N62=N61),0,1)) -> 0 | P62: =P61+O62 -> 6 | Q62: =IF(L63<>L62,9,IF(O63=1,M63,Q63)) -> 9
L63: 6 | M63: 6 | N63: =IF(Setup!G10="","",Setup!G10) -> Buffer | O63: =IF(N63="",0,IF(AND(L63=L62,N63=N62),0,1)) -> 0 | P63: =P62+O63 -> 6 | Q63: =IF(L64<>L63,9,IF(O64=1,M64,Q64)) -> 9
L64: 6 | M64: 7 | N64: =IF(Setup!G11="","",Setup!G11) -> Buffer | O64: =IF(N64="",0,IF(AND(L64=L63,N64=N63),0,1)) -> 0 | P64: =P63+O64 -> 6 | Q64: =IF(L65<>L64,9,IF(O65=1,M65,Q65)) -> 9
L65: 6 | M65: 8 | N65: =IF(Setup!G12="","",Setup!G12) -> Buffer | O65: =IF(N65="",0,IF(AND(L65=L64,N65=N64),0,1)) -> 0 | P65: =P64+O65 -> 6 | Q65: =IF(L66<>L65,9,IF(O66=1,M66,Q66)) -> 9
L66: 7 | M66: 1 | N66: =IF(Setup!H5="","",Setup!H5) -> Buffer | O66: =IF(N66="",0,IF(AND(L66=L65,N66=N65),0,1)) -> 1 | P66: =P65+O66 -> 7 | Q66: =IF(L67<>L66,9,IF(O67=1,M67,Q67)) -> 9
L67: 7 | M67: 2 | N67: =IF(Setup!H6="","",Setup!H6) -> Buffer | O67: =IF(N67="",0,IF(AND(L67=L66,N67=N66),0,1)) -> 0 | P67: =P66+O67 -> 7 | Q67: =IF(L68<>L67,9,IF(O68=1,M68,Q68)) -> 9
L68: 7 | M68: 3 | N68: =IF(Setup!H7="","",Setup!H7) -> Buffer | O68: =IF(N68="",0,IF(AND(L68=L67,N68=N67),0,1)) -> 0 | P68: =P67+O68 -> 7 | Q68: =IF(L69<>L68,9,IF(O69=1,M69,Q69)) -> 9
L69: 7 | M69: 4 | N69: =IF(Setup!H8="","",Setup!H8) -> Buffer | O69: =IF(N69="",0,IF(AND(L69=L68,N69=N68),0,1)) -> 0 | P69: =P68+O69 -> 7 | Q69: =IF(L70<>L69,9,IF(O70=1,M70,Q70)) -> 9
L70: 7 | M70: 5 | N70: =IF(Setup!H9="","",Setup!H9) -> Buffer | O70: =IF(N70="",0,IF(AND(L70=L69,N70=N69),0,1)) -> 0 | P70: =P69+O70 -> 7 | Q70: =IF(L71<>L70,9,IF(O71=1,M71,Q71)) -> 9
L71: 7 | M71: 6 | N71: =IF(Setup!H10="","",Setup!H10) -> Buffer | O71: =IF(N71="",0,IF(AND(L71=L70,N71=N70),0,1)) -> 0 | P71: =P70+O71 -> 7 | Q71: =IF(L72<>L71,9,IF(O72=1,M72,Q72)) -> 9
L72: 7 | M72: 7 | N72: =IF(Setup!H11="","",Setup!H11) -> Buffer | O72: =IF(N72="",0,IF(AND(L72=L71,N72=N71),0,1)) -> 0 | P72: =P71+O72 -> 7 | Q72: =IF(L73<>L72,9,IF(O73=1,M73,Q73)) -> 9
L73: 7 | M73: 8 | N73: =IF(Setup!H12="","",Setup!H12) -> Buffer | O73: =IF(N73="",0,IF(AND(L73=L72,N73=N72),0,1)) -> 0 | P73: =P72+O73 -> 7 | Q73: =IF(L74<>L73,9,IF(O74=1,M74,Q74)) -> 9
L74: 8 | M74: 1 | N74: =IF(Setup!I5="","",Setup!I5) -> Analyte X | O74: =IF(N74="",0,IF(AND(L74=L73,N74=N73),0,1)) -> 1 | P74: =P73+O74 -> 8 | Q74: =IF(L75<>L74,9,IF(O75=1,M75,Q75)) -> 9
L75: 8 | M75: 2 | N75: =IF(Setup!I6="","",Setup!I6) -> Analyte X | O75: =IF(N75="",0,IF(AND(L75=L74,N75=N74),0,1)) -> 0 | P75: =P74+O75 -> 8 | Q75: =IF(L76<>L75,9,IF(O76=1,M76,Q76)) -> 9
L76: 8 | M76: 3 | N76: =IF(Setup!I7="","",Setup!I7) -> Analyte X | O76: =IF(N76="",0,IF(AND(L76=L75,N76=N75),0,1)) -> 0 | P76: =P75+O76 -> 8 | Q76: =IF(L77<>L76,9,IF(O77=1,M77,Q77)) -> 9
L77: 8 | M77: 4 | N77: =IF(Setup!I8="","",Setup!I8) -> Analyte X | O77: =IF(N77="",0,IF(AND(L77=L76,N77=N76),0,1)) -> 0 | P77: =P76+O77 -> 8 | Q77: =IF(L78<>L77,9,IF(O78=1,M78,Q78)) -> 9
L78: 8 | M78: 5 | N78: =IF(Setup!I9="","",Setup!I9) -> Analyte X | O78: =IF(N78="",0,IF(AND(L78=L77,N78=N77),0,1)) -> 0 | P78: =P77+O78 -> 8 | Q78: =IF(L79<>L78,9,IF(O79=1,M79,Q79)) -> 9
L79: 8 | M79: 6 | N79: =IF(Setup!I10="","",Setup!I10) -> Analyte X | O79: =IF(N79="",0,IF(AND(L79=L78,N79=N78),0,1)) -> 0 | P79: =P78+O79 -> 8 | Q79: =IF(L80<>L79,9,IF(O80=1,M80,Q80)) -> 9
L80: 8 | M80: 7 | N80: =IF(Setup!I11="","",Setup!I11) -> Analyte X | O80: =IF(N80="",0,IF(AND(L80=L79,N80=N79),0,1)) -> 0 | P80: =P79+O80 -> 8 | Q80: =IF(L81<>L80,9,IF(O81=1,M81,Q81)) -> 9
L81: 8 | M81: 8 | N81: =IF(Setup!I12="","",Setup!I12) -> Analyte X | O81: =IF(N81="",0,IF(AND(L81=L80,N81=N80),0,1)) -> 0 | P81: =P80+O81 -> 8 | Q81: =IF(L82<>L81,9,IF(O82=1,M82,Q82)) -> 9
L82: 9 | M82: 1 | N82: =IF(Setup!J5="","",Setup!J5) -> Analyte Y | O82: =IF(N82="",0,IF(AND(L82=L81,N82=N81),0,1)) -> 1 | P82: =P81+O82 -> 9 | Q82: =IF(L83<>L82,9,IF(O83=1,M83,Q83)) -> 9
L83: 9 | M83: 2 | N83: =IF(Setup!J6="","",Setup!J6) -> Analyte Y | O83: =IF(N83="",0,IF(AND(L83=L82,N83=N82),0,1)) -> 0 | P83: =P82+O83 -> 9 | Q83: =IF(L84<>L83,9,IF(O84=1,M84,Q84)) -> 9
L84: 9 | M84: 3 | N84: =IF(Setup!J7="","",Setup!J7) -> Analyte Y | O84: =IF(N84="",0,IF(AND(L84=L83,N84=N83),0,1)) -> 0 | P84: =P83+O84 -> 9 | Q84: =IF(L85<>L84,9,IF(O85=1,M85,Q85)) -> 9
L85: 9 | M85: 4 | N85: =IF(Setup!J8="","",Setup!J8) -> Analyte Y | O85: =IF(N85="",0,IF(AND(L85=L84,N85=N84),0,1)) -> 0 | P85: =P84+O85 -> 9 | Q85: =IF(L86<>L85,9,IF(O86=1,M86,Q86)) -> 9
L86: 9 | M86: 5 | N86: =IF(Setup!J9="","",Setup!J9) -> Analyte Y | O86: =IF(N86="",0,IF(AND(L86=L85,N86=N85),0,1)) -> 0 | P86: =P85+O86 -> 9 | Q86: =IF(L87<>L86,9,IF(O87=1,M87,Q87)) -> 9
L87: 9 | M87: 6 | N87: =IF(Setup!J10="","",Setup!J10) -> Analyte Y | O87: =IF(N87="",0,IF(AND(L87=L86,N87=N86),0,1)) -> 0 | P87: =P86+O87 -> 9 | Q87: =IF(L88<>L87,9,IF(O88=1,M88,Q88)) -> 9
L88: 9 | M88: 7 | N88: =IF(Setup!J11="","",Setup!J11) -> Analyte Y | O88: =IF(N88="",0,IF(AND(L88=L87,N88=N87),0,1)) -> 0 | P88: =P87+O88 -> 9 | Q88: =IF(L89<>L88,9,IF(O89=1,M89,Q89)) -> 9
L89: 9 | M89: 8 | N89: =IF(Setup!J12="","",Setup!J12) -> Analyte Y | O89: =IF(N89="",0,IF(AND(L89=L88,N89=N88),0,1)) -> 0 | P89: =P88+O89 -> 9 | Q89: =IF(L90<>L89,9,IF(O90=1,M90,Q90)) -> 9
L90: 10 | M90: 1 | N90: =IF(Setup!K5="","",Setup!K5) -> Analyte Z | O90: =IF(N90="",0,IF(AND(L90=L89,N90=N89),0,1)) -> 1 | P90: =P89+O90 -> 10 | Q90: =IF(L91<>L90,9,IF(O91=1,M91,Q91)) -> 9
L91: 10 | M91: 2 | N91: =IF(Setup!K6="","",Setup!K6) -> Analyte Z | O91: =IF(N91="",0,IF(AND(L91=L90,N91=N90),0,1)) -> 0 | P91: =P90+O91 -> 10 | Q91: =IF(L92<>L91,9,IF(O92=1,M92,Q92)) -> 9
L92: 10 | M92: 3 | N92: =IF(Setup!K7="","",Setup!K7) -> Analyte Z | O92: =IF(N92="",0,IF(AND(L92=L91,N92=N91),0,1)) -> 0 | P92: =P91+O92 -> 10 | Q92: =IF(L93<>L92,9,IF(O93=1,M93,Q93)) -> 9
L93: 10 | M93: 4 | N93: =IF(Setup!K8="","",Setup!K8) -> Analyte Z | O93: =IF(N93="",0,IF(AND(L93=L92,N93=N92),0,1)) -> 0 | P93: =P92+O93 -> 10 | Q93: =IF(L94<>L93,9,IF(O94=1,M94,Q94)) -> 9
L94: 10 | M94: 5 | N94: =IF(Setup!K9="","",Setup!K9) -> Analyte Z | O94: =IF(N94="",0,IF(AND(L94=L93,N94=N93),0,1)) -> 0 | P94: =P93+O94 -> 10 | Q94: =IF(L95<>L94,9,IF(O95=1,M95,Q95)) -> 9
L95: 10 | M95: 6 | N95: =IF(Setup!K10="","",Setup!K10) -> Analyte Z | O95: =IF(N95="",0,IF(AND(L95=L94,N95=N94),0,1)) -> 0 | P95: =P94+O95 -> 10 | Q95: =IF(L96<>L95,9,IF(O96=1,M96,Q96)) -> 9
L96: 10 | M96: 7 | N96: =IF(Setup!K11="","",Setup!K11) -> Analyte Z | O96: =IF(N96="",0,IF(AND(L96=L95,N96=N95),0,1)) -> 0 | P96: =P95+O96 -> 10 | Q96: =IF(L97<>L96,9,IF(O97=1,M97,Q97)) -> 9
L97: 10 | M97: 8 | N97: =IF(Setup!K12="","",Setup!K12) -> Analyte Z | O97: =IF(N97="",0,IF(AND(L97=L96,N97=N96),0,1)) -> 0 | P97: =P96+O97 -> 10 | Q97: =IF(L98<>L97,9,IF(O98=1,M98,Q98)) -> 9
L98: 11 | M98: 1 | N98: =IF(Setup!L5="","",Setup!L5) -> 10 mM Glycine pH 2.7 | O98: =IF(N98="",0,IF(AND(L98=L97,N98=N97),0,1)) -> 1 | P98: =P97+O98 -> 11 | Q98: =IF(L99<>L98,9,IF(O99=1,M99,Q99)) -> 9
L99: 11 | M99: 2 | N99: =IF(Setup!L6="","",Setup!L6) -> 10 mM Glycine pH 2.7 | O99: =IF(N99="",0,IF(AND(L99=L98,N99=N98),0,1)) -> 0 | P99: =P98+O99 -> 11 | Q99: =IF(L100<>L99,9,IF(O100=1,M100,Q100)) -> 9
L100: 11 | M100: 3 | N100: =IF(Setup!L7="","",Setup!L7) -> 10 mM Glycine pH 2.7 | O100: =IF(N100="",0,IF(AND(L100=L99,N100=N99),0,1)) -> 0 | P100: =P99+O100 -> 11 | Q100: =IF(L101<>L100,9,IF(O101=1,M101,Q101)) -> 9
L101: 11 | M101: 4 | N101: =IF(Setup!L8="","",Setup!L8) -> 10 mM Glycine pH 2.7 | O101: =IF(N101="",0,IF(AND(L101=L100,N101=N100),0,1)) -> 0 | P101: =P100+O101 -> 11 | Q101: =IF(L102<>L101,9,IF(O102=1,M102,Q102)) -> 9
L102: 11 | M102: 5 | N102: =IF(Setup!L9="","",Setup!L9) -> 10 mM Glycine pH 2.7 | O102: =IF(N102="",0,IF(AND(L102=L101,N102=N101),0,1)) -> 0 | P102: =P101+O102 -> 11 | Q102: =IF(L103<>L102,9,IF(O103=1,M103,Q103)) -> 9
...

Sheet Setup
A1: Setup | C1: Yellow cells are inputs. White cells are formulas or labels: do not overwrite them. The bli2prism sheet reads this sheet, so edit values but do not move cells.
B2: [Plate map] | D2: Immobilized proteins (concentration: R9) are the Ligand and Reference columns. Roles are set on the bli2prism tab (Role column). | N2: [Dilution series]
A3: Role | B3: =IFERROR(IF(INDEX(bli2prism!$J$18:$J$35,MATCH(1,bli2prism!$A$18:$A$35,0))="","(set role)",INDEX(bli2prism!$J$18:$J$35,MATCH(1,bli2prism!$A$18:$A$35,0))&IF(COUNTIFS(bli2prism!$A$18:$A$35,1)-1>0," +"&COUNTIFS(bli2prism!$A$18:$A$35,1)-1&" more","")),"") -> Buffer | C3: =IFERROR(IF(INDEX(bli2prism!$J$18:$J$35,MATCH(2,bli2prism!$A$18:$A$35,0))="","(set role)",INDEX(bli2prism!$J$18:$J$35,MATCH(2,bli2prism!$A$18:$A$35,0))&IF(COUNTIFS(bli2prism!$A$18:$A$35,2)-1>0," +"&COUNTIFS(bli2prism!$A$18:$A$35,2)-1&" more","")),"") -> Ligand 1 | D3: =IFERROR(IF(INDEX(bli2prism!$J$18:$J$35,MATCH(3,bli2prism!$A$18:$A$35,0))="","(set role)",INDEX(bli2prism!$J$18:$J$35,MATCH(3,bli2prism!$A$18:$A$35,0))&IF(COUNTIFS(bli2prism!$A$18:$A$35,3)-1>0," +"&COUNTIFS(bli2prism!$A$18:$A$35,3)-1&" more","")),"") -> Ligand 2 | E3: =IFERROR(IF(INDEX(bli2prism!$J$18:$J$35,MATCH(4,bli2prism!$A$18:$A$35,0))="","(set role)",INDEX(bli2prism!$J$18:$J$35,MATCH(4,bli2prism!$A$18:$A$35,0))&IF(COUNTIFS(bli2prism!$A$18:$A$35,4)-1>0," +"&COUNTIFS(bli2prism!$A$18:$A$35,4)-1&" more","")),"") -> Reference | F3: =IFERROR(IF(INDEX(bli2prism!$J$18:$J$35,MATCH(5,bli2prism!$A$18:$A$35,0))="","(set role)",INDEX(bli2prism!$J$18:$J$35,MATCH(5,bli2prism!$A$18:$A$35,0))&IF(COUNTIFS(bli2prism!$A$18:$A$35,5)-1>0," +"&COUNTIFS(bli2prism!$A$18:$A$35,5)-1&" more","")),"") -> Buffer | G3: =IFERROR(IF(INDEX(bli2prism!$J$18:$J$35,MATCH(6,bli2prism!$A$18:$A$35,0))="","(set role)",INDEX(bli2prism!$J$18:$J$35,MATCH(6,bli2prism!$A$18:$A$35,0))&IF(COUNTIFS(bli2prism!$A$18:$A$35,6)-1>0," +"&COUNTIFS(bli2prism!$A$18:$A$35,6)-1&" more","")),"") -> Buffer | H3: =IFERROR(IF(INDEX(bli2prism!$J$18:$J$35,MATCH(7,bli2prism!$A$18:$A$35,0))="","(set role)",INDEX(bli2prism!$J$18:$J$35,MATCH(7,bli2prism!$A$18:$A$35,0))&IF(COUNTIFS(bli2prism!$A$18:$A$35,7)-1>0," +"&COUNTIFS(bli2prism!$A$18:$A$35,7)-1&" more","")),"") -> Buffer | I3: =IFERROR(IF(INDEX(bli2prism!$J$18:$J$35,MATCH(8,bli2prism!$A$18:$A$35,0))="","(set role)",INDEX(bli2prism!$J$18:$J$35,MATCH(8,bli2prism!$A$18:$A$35,0))&IF(COUNTIFS(bli2prism!$A$18:$A$35,8)-1>0," +"&COUNTIFS(bli2prism!$A$18:$A$35,8)-1&" more","")),"") -> Analyte 1 | J3: =IFERROR(IF(INDEX(bli2prism!$J$18:$J$35,MATCH(9,bli2prism!$A$18:$A$35,0))="","(set role)",INDEX(bli2prism!$J$18:$J$35,MATCH(9,bli2prism!$A$18:$A$35,0))&IF(COUNTIFS(bli2prism!$A$18:$A$35,9)-1>0," +"&COUNTIFS(bli2prism!$A$18:$A$35,9)-1&" more","")),"") -> Analyte 2 | K3: =IFERROR(IF(INDEX(bli2prism!$J$18:$J$35,MATCH(10,bli2prism!$A$18:$A$35,0))="","(set role)",INDEX(bli2prism!$J$18:$J$35,MATCH(10,bli2prism!$A$18:$A$35,0))&IF(COUNTIFS(bli2prism!$A$18:$A$35,10)-1>0," +"&COUNTIFS(bli2prism!$A$18:$A$35,10)-1&" more","")),"") -> Analyte 3 | L3: =IFERROR(IF(INDEX(bli2prism!$J$18:$J$35,MATCH(11,bli2prism!$A$18:$A$35,0))="","(set role)",INDEX(bli2prism!$J$18:$J$35,MATCH(11,bli2prism!$A$18:$A$35,0))&IF(COUNTIFS(bli2prism!$A$18:$A$35,11)-1>0," +"&COUNTIFS(bli2prism!$A$18:$A$35,11)-1&" more","")),"") -> Regeneration | M3: =IFERROR(IF(INDEX(bli2prism!$J$18:$J$35,MATCH(12,bli2prism!$A$18:$A$35,0))="","(set role)",INDEX(bli2prism!$J$18:$J$35,MATCH(12,bli2prism!$A$18:$A$35,0))&IF(COUNTIFS(bli2prism!$A$18:$A$35,12)-1>0," +"&COUNTIFS(bli2prism!$A$18:$A$35,12)-1&" more","")),"") -> Buffer | N3: Starting concentration, dilution factor and final volume are inputs.
A4: Column | B4: 1 | C4: 2 | D4: 3 | E4: 4 | F4: 5 | G4: 6 | H4: 7 | I4: 8 | J4: 9 | K4: 10 | L4: 11 | M4: 12 | N4: [concentration] (M) | O4: [concentration] (nM) | P4: log | Q4: Dilution settings
A5: A | B5: Buffer | C5: Binder A | D5: Binder B | E5: Control IgG | F5: Buffer | G5: Buffer | H5: Buffer | I5: Analyte X | J5: Analyte Y | K5: Analyte Z | L5: 10 mM Glycine pH 2.7 | M5: Buffer | N5: 1e-06 | O5: =N5*10^9 -> 1000 | P5: =LOG(N5) -> -6 | Q5: Dilution Factor | R5: 3
A6: B | B6: Buffer | C6: Binder A | D6: Binder B | E6: Control IgG | F6: Buffer | G6: Buffer | H6: Buffer | I6: Analyte X | J6: Analyte Y | K6: Analyte Z | L6: 10 mM Glycine pH 2.7 | M6: Buffer | N6: =N5/$R$5 -> 3.3333333e-07 | O6: =N6*10^9 -> 333.33333 | P6: =LOG(N6) -> -6.4771213 | Q6: Transfer volume | R6: =R7/(R5-1) -> 100
A7: C | B7: Buffer | C7: Binder A | D7: Binder B | E7: Control IgG | F7: Buffer | G7: Buffer | H7: Buffer | I7: Analyte X | J7: Analyte Y | K7: Analyte Z | L7: 10 mM Glycine pH 2.7 | M7: Buffer | N7: =N6/$R$5 -> 1.1111111e-07 | O7: =N7*10^9 -> 111.11111 | P7: =LOG(N7) -> -6.9542425 | Q7: Final Volume per Well | R7: 200
A8: D | B8: Buffer | C8: Binder A | D8: Binder B | E8: Control IgG | F8: Buffer | G8: Buffer | H8: Buffer | I8: Analyte X | J8: Analyte Y | K8: Analyte Z | L8: 10 mM Glycine pH 2.7 | M8: Buffer | N8: =N7/$R$5 -> 3.7037037e-08 | O8: =N8*10^9 -> 37.037037 | P8: =LOG(N8) -> -7.4313638 | Q8: Final Volume + Transfer Volume | R8: =SUM(R6:R7) -> 300
A9: E | B9: Buffer | C9: Binder A | D9: Binder B | E9: Control IgG | F9: Buffer | G9: Buffer | H9: Buffer | I9: Analyte X | J9: Analyte Y | K9: Analyte Z | L9: 10 mM Glycine pH 2.7 | M9: Buffer | N9: =N8/$R$5 -> 1.2345679e-08 | O9: =N9*10^9 -> 12.345679 | P9: =LOG(N9) -> -7.908485 | Q9: Immobilized ligand concentration (M) | R9: 1e-07
A10: F | B10: Buffer | C10: Binder A | D10: Binder B | E10: Control IgG | F10: Buffer | G10: Buffer | H10: Buffer | I10: Analyte X | J10: Analyte Y | K10: Analyte Z | L10: 10 mM Glycine pH 2.7 | M10: Buffer | N10: =N9/$R$5 -> 4.1152263e-09 | O10: =N10*10^9 -> 4.1152263 | P10: =LOG(N10) -> -8.3856063 | Q10: Ligand volume per sensor row (uL) | R10: 200
A11: G | B11: Buffer | C11: Binder A | D11: Binder B | E11: Control IgG | F11: Buffer | G11: Buffer | H11: Buffer | I11: Analyte X | J11: Analyte Y | K11: Analyte Z | L11: 10 mM Glycine pH 2.7 | M11: Buffer | N11: =N10/$R$5 -> 1.3717421e-09 | O11: =N11*10^9 -> 1.3717421 | P11: =LOG(N11) -> -8.8627275 | Q11: Volume excess factor | R11: 1.2
A12: H | B12: Buffer | C12: Binder A | D12: Binder B | E12: Control IgG | F12: Buffer | G12: Buffer | H12: Buffer | I12: Analyte X | J12: Analyte Y | K12: Analyte Z | L12: 10 mM Glycine pH 2.7 | M12: Buffer | N12: =N11/$R$5 -> 4.5724737e-10 | O12: =N12*10^9 -> 0.45724737 | P12: =LOG(N12) -> -9.3398488
B13: The tool reads plate row A (row 5); the other rows are for your records.
B14: Ligand N = raw files N.xls (1.xls, 2.xls, ...); Analyte N = the Nth trace in each raw file; Reference = the sensor that was subtracted.

Sheet Proteins
A1: Proteins and bench prep | C1: Yellow cells are inputs. White cells are formulas: do not overwrite them. The bli2prism sheet reads protein names (column A) and MWs (column C) in rows 5-40.
A2: Inputs: name, A280, MW and extinction coefficient. Role comes from the bli2prism tab; the desired concentration and total volume follow it (see README: Ligand / Reference use Setup!R9 and the sensor rows, Analyte uses Setup!N5 and R8). To add a protein, copy the last row down.
A4: Protein | B4: A280 | C4: Molecular weight (g/mol) | D4: Extinction Coefficient | E4: Concentration (M) | F4: Concentration (mg/mL) | G4: Moles Needed | H4: Desired Concentration (mol/L) | I4: Total Volume (uL) | J4: Vol Protein (uL) | K4: Vol buffer (ul) | L4: Vol buffer (ul) / 2 | M4: Mass protein needed (ug) | N4: Role (from bli2prism tab)
A5: Binder A | B5: 1.5 | C5: 145000 | D5: 31000 | E5: =B5/D5 -> 4.8387097e-05 | F5: =E5*C5 -> 7.016129 | G5: =H5*I5*10^-6 -> 1.92e-10 | H5: =IF(OR(N5="Analyte",N5="Ligand + Analyte"),Setup!$N$5,IF(OR(N5="Ligand",N5="Reference"),Setup!$R$9,0)) -> 1e-07 | I5: =IF(OR(N5="Analyte",N5="Ligand + Analyte"),Setup!$R$8*Setup!$R$11,IF(OR(N5="Ligand",N5="Reference"),(SUMIFS(bli2prism!$K$18:$K$113,bli2prism!$C$18:$C$113,"Ligand",bli2prism!$E$18:$E$113,$A5)+SUMIFS(bli2prism!$K$18:$K$113,bli2prism!$C$18:$C$113,"Ligand",bli2prism!$F$18:$F$113,$A5)+SUMIFS(bli2prism!$K$18:$K$113,bli2prism!$C$18:$C$113,"Reference",bli2prism!$E$18:$E$113,$A5)+SUMIFS(bli2prism!$K$18:$K$113,bli2prism!$C$18:$C$113,"Reference",bli2prism!$F$18:$F$113,$A5))*Setup!$R$10*Setup!$R$11,0)) -> 1920 | J5: =G5/E5*10^6 -> 3.968 | K5: =I5-J5 -> 1916.032 | L5: =K5/2 -> 958.016 | M5: =F5*J5 -> 27.84 | N5: =IF($A5="","",IF(AND(COUNTIFS(bli2prism!$C$18:$C$113,"Ligand",bli2prism!$E$18:$E$113,$A5)+COUNTIFS(bli2prism!$C$18:$C$113,"Ligand",bli2prism!$F$18:$F$113,$A5)>0,COUNTIFS(bli2prism!$C$18:$C$113,"Analyte",bli2prism!$E$18:$E$113,$A5)+COUNTIFS(bli2prism!$C$18:$C$113,"Analyte",bli2prism!$F$18:$F$113,$A5)>0),"Ligand + Analyte",IF(COUNTIFS(bli2prism!$C$18:$C$113,"Analyte",bli2prism!$E$18:$E$113,$A5)+COUNTIFS(bli2prism!$C$18:$C$113,"Analyte",bli2prism!$F$18:$F$113,$A5)>0,"Analyte",IF(COUNTIFS(bli2prism!$C$18:$C$113,"Ligand",bli2prism!$E$18:$E$113,$A5)+COUNTIFS(bli2prism!$C$18:$C$113,"Ligand",bli2prism!$F$18:$F$113,$A5)>0,"Ligand",IF(COUNTIFS(bli2prism!$C$18:$C$113,"Reference",bli2prism!$E$18:$E$113,$A5)+COUNTIFS(bli2prism!$C$18:$C$113,"Reference",bli2prism!$F$18:$F$113,$A5)>0,"Reference",""))))) -> Ligand
A6: Binder B | B6: 1.2 | C6: 148000 | D6: 29000 | E6: =B6/D6 -> 4.137931e-05 | F6: =E6*C6 -> 6.1241379 | G6: =H6*I6*10^-6 -> 1.92e-10 | H6: =IF(OR(N6="Analyte",N6="Ligand + Analyte"),Setup!$N$5,IF(OR(N6="Ligand",N6="Reference"),Setup!$R$9,0)) -> 1e-07 | I6: =IF(OR(N6="Analyte",N6="Ligand + Analyte"),Setup!$R$8*Setup!$R$11,IF(OR(N6="Ligand",N6="Reference"),(SUMIFS(bli2prism!$K$18:$K$113,bli2prism!$C$18:$C$113,"Ligand",bli2prism!$E$18:$E$113,$A6)+SUMIFS(bli2prism!$K$18:$K$113,bli2prism!$C$18:$C$113,"Ligand",bli2prism!$F$18:$F$113,$A6)+SUMIFS(bli2prism!$K$18:$K$113,bli2prism!$C$18:$C$113,"Reference",bli2prism!$E$18:$E$113,$A6)+SUMIFS(bli2prism!$K$18:$K$113,bli2prism!$C$18:$C$113,"Reference",bli2prism!$F$18:$F$113,$A6))*Setup!$R$10*Setup!$R$11,0)) -> 1920 | J6: =G6/E6*10^6 -> 4.64 | K6: =I6-J6 -> 1915.36 | L6: =K6/2 -> 957.68 | M6: =F6*J6 -> 28.416 | N6: =IF($A6="","",IF(AND(COUNTIFS(bli2prism!$C$18:$C$113,"Ligand",bli2prism!$E$18:$E$113,$A6)+COUNTIFS(bli2prism!$C$18:$C$113,"Ligand",bli2prism!$F$18:$F$113,$A6)>0,COUNTIFS(bli2prism!$C$18:$C$113,"Analyte",bli2prism!$E$18:$E$113,$A6)+COUNTIFS(bli2prism!$C$18:$C$113,"Analyte",bli2prism!$F$18:$F$113,$A6)>0),"Ligand + Analyte",IF(COUNTIFS(bli2prism!$C$18:$C$113,"Analyte",bli2prism!$E$18:$E$113,$A6)+COUNTIFS(bli2prism!$C$18:$C$113,"Analyte",bli2prism!$F$18:$F$113,$A6)>0,"Analyte",IF(COUNTIFS(bli2prism!$C$18:$C$113,"Ligand",bli2prism!$E$18:$E$113,$A6)+COUNTIFS(bli2prism!$C$18:$C$113,"Ligand",bli2prism!$F$18:$F$113,$A6)>0,"Ligand",IF(COUNTIFS(bli2prism!$C$18:$C$113,"Reference",bli2prism!$E$18:$E$113,$A6)+COUNTIFS(bli2prism!$C$18:$C$113,"Reference",bli2prism!$F$18:$F$113,$A6)>0,"Reference",""))))) -> Ligand
A7: Control IgG | B7: 1.4 | C7: 150000 | D7: 210000 | E7: =B7/D7 -> 6.6666667e-06 | F7: =E7*C7 -> 1 | G7: =H7*I7*10^-6 -> 1.92e-10 | H7: =IF(OR(N7="Analyte",N7="Ligand + Analyte"),Setup!$N$5,IF(OR(N7="Ligand",N7="Reference"),Setup!$R$9,0)) -> 1e-07 | I7: =IF(OR(N7="Analyte",N7="Ligand + Analyte"),Setup!$R$8*Setup!$R$11,IF(OR(N7="Ligand",N7="Reference"),(SUMIFS(bli2prism!$K$18:$K$113,bli2prism!$C$18:$C$113,"Ligand",bli2prism!$E$18:$E$113,$A7)+SUMIFS(bli2prism!$K$18:$K$113,bli2prism!$C$18:$C$113,"Ligand",bli2prism!$F$18:$F$113,$A7)+SUMIFS(bli2prism!$K$18:$K$113,bli2prism!$C$18:$C$113,"Reference",bli2prism!$E$18:$E$113,$A7)+SUMIFS(bli2prism!$K$18:$K$113,bli2prism!$C$18:$C$113,"Reference",bli2prism!$F$18:$F$113,$A7))*Setup!$R$10*Setup!$R$11,0)) -> 1920 | J7: =G7/E7*10^6 -> 28.8 | K7: =I7-J7 -> 1891.2 | L7: =K7/2 -> 945.6 | M7: =F7*J7 -> 28.8 | N7: =IF($A7="","",IF(AND(COUNTIFS(bli2prism!$C$18:$C$113,"Ligand",bli2prism!$E$18:$E$113,$A7)+COUNTIFS(bli2prism!$C$18:$C$113,"Ligand",bli2prism!$F$18:$F$113,$A7)>0,COUNTIFS(bli2prism!$C$18:$C$113,"Analyte",bli2prism!$E$18:$E$113,$A7)+COUNTIFS(bli2prism!$C$18:$C$113,"Analyte",bli2prism!$F$18:$F$113,$A7)>0),"Ligand + Analyte",IF(COUNTIFS(bli2prism!$C$18:$C$113,"Analyte",bli2prism!$E$18:$E$113,$A7)+COUNTIFS(bli2prism!$C$18:$C$113,"Analyte",bli2prism!$F$18:$F$113,$A7)>0,"Analyte",IF(COUNTIFS(bli2prism!$C$18:$C$113,"Ligand",bli2prism!$E$18:$E$113,$A7)+COUNTIFS(bli2prism!$C$18:$C$113,"Ligand",bli2prism!$F$18:$F$113,$A7)>0,"Ligand",IF(COUNTIFS(bli2prism!$C$18:$C$113,"Reference",bli2prism!$E$18:$E$113,$A7)+COUNTIFS(bli2prism!$C$18:$C$113,"Reference",bli2prism!$F$18:$F$113,$A7)>0,"Reference",""))))) -> Reference
A8: Analyte X | B8: 0.4 | C8: 21000 | D8: 15000 | E8: =B8/D8 -> 2.6666667e-05 | F8: =E8*C8 -> 0.56 | G8: =H8*I8*10^-6 -> 3.6e-10 | H8: =IF(OR(N8="Analyte",N8="Ligand + Analyte"),Setup!$N$5,IF(OR(N8="Ligand",N8="Reference"),Setup!$R$9,0)) -> 1e-06 | I8: =IF(OR(N8="Analyte",N8="Ligand + Analyte"),Setup!$R$8*Setup!$R$11,IF(OR(N8="Ligand",N8="Reference"),(SUMIFS(bli2prism!$K$18:$K$113,bli2prism!$C$18:$C$113,"Ligand",bli2prism!$E$18:$E$113,$A8)+SUMIFS(bli2prism!$K$18:$K$113,bli2prism!$C$18:$C$113,"Ligand",bli2prism!$F$18:$F$113,$A8)+SUMIFS(bli2prism!$K$18:$K$113,bli2prism!$C$18:$C$113,"Reference",bli2prism!$E$18:$E$113,$A8)+SUMIFS(bli2prism!$K$18:$K$113,bli2prism!$C$18:$C$113,"Reference",bli2prism!$F$18:$F$113,$A8))*Setup!$R$10*Setup!$R$11,0)) -> 360 | J8: =G8/E8*10^6 -> 13.5 | K8: =I8-J8 -> 346.5 | L8: =K8/2 -> 173.25 | M8: =F8*J8 -> 7.56 | N8: =IF($A8="","",IF(AND(COUNTIFS(bli2prism!$C$18:$C$113,"Ligand",bli2prism!$E$18:$E$113,$A8)+COUNTIFS(bli2prism!$C$18:$C$113,"Ligand",bli2prism!$F$18:$F$113,$A8)>0,COUNTIFS(bli2prism!$C$18:$C$113,"Analyte",bli2prism!$E$18:$E$113,$A8)+COUNTIFS(bli2prism!$C$18:$C$113,"Analyte",bli2prism!$F$18:$F$113,$A8)>0),"Ligand + Analyte",IF(COUNTIFS(bli2prism!$C$18:$C$113,"Analyte",bli2prism!$E$18:$E$113,$A8)+COUNTIFS(bli2prism!$C$18:$C$113,"Analyte",bli2prism!$F$18:$F$113,$A8)>0,"Analyte",IF(COUNTIFS(bli2prism!$C$18:$C$113,"Ligand",bli2prism!$E$18:$E$113,$A8)+COUNTIFS(bli2prism!$C$18:$C$113,"Ligand",bli2prism!$F$18:$F$113,$A8)>0,"Ligand",IF(COUNTIFS(bli2prism!$C$18:$C$113,"Reference",bli2prism!$E$18:$E$113,$A8)+COUNTIFS(bli2prism!$C$18:$C$113,"Reference",bli2prism!$F$18:$F$113,$A8)>0,"Reference",""))))) -> Analyte
A9: Analyte Y | B9: 0.55 | C9: 22000 | D9: 26000 | E9: =B9/D9 -> 2.1153846e-05 | F9: =E9*C9 -> 0.46538462 | G9: =H9*I9*10^-6 -> 3.6e-10 | H9: =IF(OR(N9="Analyte",N9="Ligand + Analyte"),Setup!$N$5,IF(OR(N9="Ligand",N9="Reference"),Setup!$R$9,0)) -> 1e-06 | I9: =IF(OR(N9="Analyte",N9="Ligand + Analyte"),Setup!$R$8*Setup!$R$11,IF(OR(N9="Ligand",N9="Reference"),(SUMIFS(bli2prism!$K$18:$K$113,bli2prism!$C$18:$C$113,"Ligand",bli2prism!$E$18:$E$113,$A9)+SUMIFS(bli2prism!$K$18:$K$113,bli2prism!$C$18:$C$113,"Ligand",bli2prism!$F$18:$F$113,$A9)+SUMIFS(bli2prism!$K$18:$K$113,bli2prism!$C$18:$C$113,"Reference",bli2prism!$E$18:$E$113,$A9)+SUMIFS(bli2prism!$K$18:$K$113,bli2prism!$C$18:$C$113,"Reference",bli2prism!$F$18:$F$113,$A9))*Setup!$R$10*Setup!$R$11,0)) -> 360 | J9: =G9/E9*10^6 -> 17.018182 | K9: =I9-J9 -> 342.98182 | L9: =K9/2 -> 171.49091 | M9: =F9*J9 -> 7.92 | N9: =IF($A9="","",IF(AND(COUNTIFS(bli2prism!$C$18:$C$113,"Ligand",bli2prism!$E$18:$E$113,$A9)+COUNTIFS(bli2prism!$C$18:$C$113,"Ligand",bli2prism!$F$18:$F$113,$A9)>0,COUNTIFS(bli2prism!$C$18:$C$113,"Analyte",bli2prism!$E$18:$E$113,$A9)+COUNTIFS(bli2prism!$C$18:$C$113,"Analyte",bli2prism!$F$18:$F$113,$A9)>0),"Ligand + Analyte",IF(COUNTIFS(bli2prism!$C$18:$C$113,"Analyte",bli2prism!$E$18:$E$113,$A9)+COUNTIFS(bli2prism!$C$18:$C$113,"Analyte",bli2prism!$F$18:$F$113,$A9)>0,"Analyte",IF(COUNTIFS(bli2prism!$C$18:$C$113,"Ligand",bli2prism!$E$18:$E$113,$A9)+COUNTIFS(bli2prism!$C$18:$C$113,"Ligand",bli2prism!$F$18:$F$113,$A9)>0,"Ligand",IF(COUNTIFS(bli2prism!$C$18:$C$113,"Reference",bli2prism!$E$18:$E$113,$A9)+COUNTIFS(bli2prism!$C$18:$C$113,"Reference",bli2prism!$F$18:$F$113,$A9)>0,"Reference",""))))) -> Analyte
A10: Analyte Z | B10: 0.6 | C10: 25000 | D10: 23000 | E10: =B10/D10 -> 2.6086957e-05 | F10: =E10*C10 -> 0.65217391 | G10: =H10*I10*10^-6 -> 3.6e-10 | H10: =IF(OR(N10="Analyte",N10="Ligand + Analyte"),Setup!$N$5,IF(OR(N10="Ligand",N10="Reference"),Setup!$R$9,0)) -> 1e-06 | I10: =IF(OR(N10="Analyte",N10="Ligand + Analyte"),Setup!$R$8*Setup!$R$11,IF(OR(N10="Ligand",N10="Reference"),(SUMIFS(bli2prism!$K$18:$K$113,bli2prism!$C$18:$C$113,"Ligand",bli2prism!$E$18:$E$113,$A10)+SUMIFS(bli2prism!$K$18:$K$113,bli2prism!$C$18:$C$113,"Ligand",bli2prism!$F$18:$F$113,$A10)+SUMIFS(bli2prism!$K$18:$K$113,bli2prism!$C$18:$C$113,"Reference",bli2prism!$E$18:$E$113,$A10)+SUMIFS(bli2prism!$K$18:$K$113,bli2prism!$C$18:$C$113,"Reference",bli2prism!$F$18:$F$113,$A10))*Setup!$R$10*Setup!$R$11,0)) -> 360 | J10: =G10/E10*10^6 -> 13.8 | K10: =I10-J10 -> 346.2 | L10: =K10/2 -> 173.1 | M10: =F10*J10 -> 9 | N10: =IF($A10="","",IF(AND(COUNTIFS(bli2prism!$C$18:$C$113,"Ligand",bli2prism!$E$18:$E$113,$A10)+COUNTIFS(bli2prism!$C$18:$C$113,"Ligand",bli2prism!$F$18:$F$113,$A10)>0,COUNTIFS(bli2prism!$C$18:$C$113,"Analyte",bli2prism!$E$18:$E$113,$A10)+COUNTIFS(bli2prism!$C$18:$C$113,"Analyte",bli2prism!$F$18:$F$113,$A10)>0),"Ligand + Analyte",IF(COUNTIFS(bli2prism!$C$18:$C$113,"Analyte",bli2prism!$E$18:$E$113,$A10)+COUNTIFS(bli2prism!$C$18:$C$113,"Analyte",bli2prism!$F$18:$F$113,$A10)>0,"Analyte",IF(COUNTIFS(bli2prism!$C$18:$C$113,"Ligand",bli2prism!$E$18:$E$113,$A10)+COUNTIFS(bli2prism!$C$18:$C$113,"Ligand",bli2prism!$F$18:$F$113,$A10)>0,"Ligand",IF(COUNTIFS(bli2prism!$C$18:$C$113,"Reference",bli2prism!$E$18:$E$113,$A10)+COUNTIFS(bli2prism!$C$18:$C$113,"Reference",bli2prism!$F$18:$F$113,$A10)>0,"Reference",""))))) -> Analyte
